{"name": "sex_bb", "start time": "2022-04-12 17:35:46.122634", "attack_config": {"train_config": {"data_config": {"name": "old_census", "prop": "sex", "value": 0.5, "split": "adv", "drop_senstive_cols": false, "scale": 1.0, "augment": false, "classify": null, "cwise_samples": null, "squeeze": true}, "epochs": 0, "learning_rate": 0.0, "batch_size": 0, "misc_config": null, "verbose": false, "num_models": 1, "offset": 0, "weight_decay": 0, "get_best": true, "cpu": false, "expect_extra": true, "save_every_epoch": false, "extra_info": null}, "values": [0.0, 0.1, 0.2, 0.3, 0.4, 0.6, 0.7, 0.8, 0.9, 1.0], "black_box": {"attack_type": ["loss_and_threshold", "threshold_perpoint"], "ratios": [0.05, 0.1, 0.2, 0.3, 0.4, 0.5, 1.0], "granularity": 0.05, "batch_size": 256, "num_adv_models": 50, "preload": true}, "white_box": null, "tries": 5, "num_victim_models": 1000, "on_cpu": false, "adv_misc_config": null, "num_total_adv_models": 1000}, "result": {"loss_and_threshold": {"0.0": {"adv_acc": [99.0, 99.0, 99.0, 99.0, 100.0], "victim_acc": [[93.25, 53.15], [96.65, 53.400000000000006], [93.95, 90.45], [95.19999999999999, 62.650000000000006], [94.95, 51.7]]}, "0.1": {"adv_acc": [90.0, 82.0, 89.0, 81.0, 92.0], "victim_acc": [[77.45, 52.300000000000004], [78.75, 61.85000000000001], [82.1, 50.24999999999999], [67.85, 81.0], [87.7, 87.55]]}, "0.2": {"adv_acc": [85.0, 83.0, 76.0, 90.0, 80.0], "victim_acc": [[72.85000000000001, 52.449999999999996], [76.35, 50.0], [62.7, 65.5], [83.1, 70.30000000000001], [60.0, 56.60000000000001]]}, "0.3": {"adv_acc": [61.0, 75.0, 77.0, 74.0, 64.0], "victim_acc": [[57.99999999999999, 50.449999999999996], [64.45, 63.3], [61.650000000000006, 50.24999999999999], [66.45, 51.24999999999999], [57.25, 56.25]]}, "0.4": {"adv_acc": [61.0, 67.0, 60.0, 65.0, 67.0], "victim_acc": [[50.05, 50.95], [54.05, 49.85000000000001], [56.699999999999996, 55.49999999999999], [54.400000000000006, 54.0], [53.55, 53.55]]}, "0.6": {"adv_acc": [75.0, 71.0, 74.0, 71.0, 66.0], "victim_acc": [[57.599999999999994, 51.7], [53.05, 50.349999999999994], [59.95, 51.55], [52.5, 48.699999999999996], [54.65, 54.800000000000004]]}, "0.7": {"adv_acc": [74.0, 74.0, 76.0, 77.0, 78.0], "victim_acc": [[55.75, 51.74999999999999], [60.5, 71.8], [60.35, 59.54999999999999], [55.95, 54.25], [60.050000000000004, 61.14999999999999]]}, "0.8": {"adv_acc": [72.0, 83.0, 80.0, 83.0, 74.0], "victim_acc": [[69.45, 54.25], [71.75, 65.19999999999999], [62.2, 49.55], [63.800000000000004, 67.80000000000001], [62.25000000000001, 50.0]]}, "0.9": {"adv_acc": [81.0, 81.0, 82.0, 78.0, 81.0], "victim_acc": [[72.89999999999999, 54.50000000000001], [62.64999999999999, 49.95], [83.35000000000001, 54.75], [70.8, 50.0], [64.75, 59.9]]}, "1.0": {"adv_acc": [98.0, 97.0, 97.0, 94.0, 96.0], "victim_acc": [[70.05, 50.0], [60.6, 50.0], [71.55, 51.55], [64.45, 50.0], [70.65, 50.0]]}}, "threshold_perpoint": {"0.0": {"adv_acc": [100.0, 100.0, 100.0, 100.0, 100.0], "victim_acc": [99.1, 94.05, 94.55, 95.45, 87.8]}, "0.1": {"adv_acc": [98.0, 98.0, 95.0, 95.0, 98.0], "victim_acc": [88.35, 88.94999999999999, 89.55, 90.95, 90.35]}, "0.2": {"adv_acc": [98.0, 99.0, 100.0, 97.0, 96.0], "victim_acc": [86.55000000000001, 74.0, 87.2, 83.35000000000001, 82.35]}, "0.3": {"adv_acc": [91.0, 94.0, 88.0, 96.0, 91.0], "victim_acc": [74.4, 74.05000000000001, 73.6, 76.5, 75.5]}, "0.4": {"adv_acc": [88.0, 84.0, 89.0, 87.0, 86.0], "victim_acc": [60.9, 60.0, 62.2, 62.3, 57.95]}, "0.6": {"adv_acc": [86.0, 83.0, 95.0, 89.0, 90.0], "victim_acc": [60.6, 55.55, 61.7, 59.25, 63.65]}, "0.7": {"adv_acc": [93.0, 92.0, 95.0, 97.0, 96.0], "victim_acc": [74.4, 80.0, 76.25, 70.89999999999999, 75.8]}, "0.8": {"adv_acc": [93.0, 98.0, 97.0, 96.0, 91.0], "victim_acc": [52.75, 76.55, 79.10000000000001, 74.45, 84.39999999999999]}, "0.9": {"adv_acc": [96.0, 100.0, 96.0, 98.0, 97.0], "victim_acc": [57.25, 56.15, 72.5, 51.349999999999994, 67.75]}, "1.0": {"adv_acc": [98.0, 100.0, 99.0, 98.0, 100.0], "victim_acc": [55.50000000000001, 55.50000000000001, 58.75, 54.35, 60.050000000000004]}}}, "save time": "2022-04-12 23:55:06.718665"}