{"name": "bb_multi2", "start time": "2022-05-18 13:40:25.387869", "attack_config": {"train_config": {"data_config": {"name": "boneage", "prop": "gender", "value": 0.5, "split": "adv", "drop_senstive_cols": false, "scale": 1.0, "augment": false, "classify": "age", "cwise_samples": null, "squeeze": true}, "epochs": 0, "learning_rate": 0.0, "batch_size": 0, "misc_config": null, "lr_scheduler": null, "verbose": false, "num_models": 1, "offset": 0, "weight_decay": 0, "get_best": true, "cpu": false, "expect_extra": true, "save_every_epoch": false, "extra_info": null, "regression": false, "multi_class": false}, "values": [0.2, 0.3, 0.4, 0.5, 0.6, 0.7, 0.8], "black_box": {"attack_type": ["loss_and_threshold", "threshold_perpoint"], "ratios": [0.05, 0.1, 0.2, 0.3, 0.4, 0.5, 1.0], "batch_size": 30000, "num_adv_models": 50, "granularity": 0.05, "preload": true, "multi": null, "multi2": 50, "multi_class": false, "save": false}, "white_box": null, "tries": 5, "num_victim_models": 1000, "on_cpu": false, "adv_misc_config": null, "num_total_adv_models": 1000}, "result": {"loss_and_threshold": {"0.2": {"adv_acc": [83.0, 83.0, 82.0, 82.0, 82.0], "victim_acc": [[53.6, 50.0], [99.75, 50.0], [100.0, 57.199999999999996], [100.0, 50.4], [99.75, 50.0]]}, "0.3": {"adv_acc": [73.0, 84.0, 76.0, 74.0, 72.0], "victim_acc": [[61.050000000000004, 70.15], [95.55, 99.0], [99.95, 50.0], [91.95, 99.95], [50.1, 50.0]]}, "0.4": {"adv_acc": [67.0, 62.0, 59.0, 69.0, 59.0], "victim_acc": [[66.45, 87.75], [48.8, 50.0], [85.45, 87.0], [49.95, 50.0], [50.1, 50.0]]}, "0.5": {"adv_acc": [59.0, 72.0, 62.0, 66.0, 59.0], "victim_acc": [[50.949999999999996, 50.0], [50.05, 50.0], [50.0, 50.0], [50.0, 50.0], [50.0, 50.0]]}, "0.6": {"adv_acc": [64.0, 62.0, 63.0, 64.0, 69.0], "victim_acc": [[50.1, 51.349999999999994], [50.74999999999999, 7.000000000000001], [50.55, 80.75], [55.800000000000004, 50.0], [61.75000000000001, 50.0]]}, "0.7": {"adv_acc": [81.0, 73.0, 67.0, 81.0, 75.0], "victim_acc": [[100.0, 50.0], [99.15, 50.0], [96.05, 50.14999999999999], [50.0, 50.0], [30.099999999999998, 78.89999999999999]]}, "0.8": {"adv_acc": [78.0, 94.0, 83.0, 85.0, 81.0], "victim_acc": [[77.25, 50.449999999999996], [100.0, 99.9], [58.050000000000004, 50.14999999999999], [99.95, 83.2], [100.0, 86.6]]}}, "threshold_perpoint": {"0.2": {"adv_acc": [98.0, 97.0, 98.0, 100.0, 99.0], "victim_acc": [100.0, 100.0, 100.0, 100.0, 100.0]}, "0.3": {"adv_acc": [90.0, 88.0, 87.0, 93.0, 91.0], "victim_acc": [99.95, 99.9, 99.6, 99.85, 98.2]}, "0.4": {"adv_acc": [79.0, 90.0, 92.0, 91.0, 78.0], "victim_acc": [51.2, 99.44999999999999, 99.44999999999999, 61.5, 50.0]}, "0.5": {"adv_acc": [81.0, 69.0, 67.0, 71.0, 62.0], "victim_acc": [50.0, 51.550000000000004, 50.1, 50.349999999999994, 49.6]}, "0.6": {"adv_acc": [74.0, 73.0, 77.0, 79.0, 78.0], "victim_acc": [74.15, 97.24999999999999, 90.05000000000001, 99.15, 51.6]}, "0.7": {"adv_acc": [93.0, 90.0, 97.0, 96.0, 83.0], "victim_acc": [100.0, 92.95, 94.8, 99.9, 93.5]}, "0.8": {"adv_acc": [97.0, 95.0, 95.0, 99.0, 100.0], "victim_acc": [100.0, 100.0, 100.0, 100.0, 100.0]}}}, "save time": "2022-05-18 21:42:43.170336"}