{"name": "bb_multi", "start time": "2022-05-18 15:58:02.372381", "attack_config": {"train_config": {"data_config": {"name": "boneage", "prop": "gender", "value": 0.5, "split": "adv", "drop_senstive_cols": false, "scale": 1.0, "augment": false, "classify": "age", "cwise_samples": null, "squeeze": true}, "epochs": 0, "learning_rate": 0.0, "batch_size": 0, "misc_config": null, "lr_scheduler": null, "verbose": false, "num_models": 1, "offset": 0, "weight_decay": 0, "get_best": true, "cpu": false, "expect_extra": true, "save_every_epoch": false, "extra_info": null, "regression": false, "multi_class": false}, "values": [0.2, 0.3, 0.4, 0.5, 0.6, 0.7, 0.8], "black_box": {"attack_type": ["loss_and_threshold", "threshold_perpoint"], "ratios": [0.05, 0.1, 0.2, 0.3, 0.4, 0.5, 1.0], "batch_size": 30000, "num_adv_models": 50, "granularity": 0.05, "preload": true, "multi": 50, "multi2": null, "multi_class": false, "save": false}, "white_box": null, "tries": 5, "num_victim_models": 1000, "on_cpu": false, "adv_misc_config": null, "num_total_adv_models": 1000}, "result": {"loss_and_threshold": {"0.2": {"adv_acc": [84.0, 85.0, 88.0, 84.0, 87.0], "victim_acc": [[100.0, 50.0], [95.75, 50.0], [54.25, 50.0], [100.0, 50.0], [50.8, 50.0]]}, "0.3": {"adv_acc": [71.0, 75.0, 80.0, 76.0, 80.0], "victim_acc": [[68.25, 50.0], [100.0, 100.0], [87.64999999999999, 50.0], [87.64999999999999, 50.0], [94.65, 50.0]]}, "0.4": {"adv_acc": [65.0, 60.0, 61.0, 67.0, 60.0], "victim_acc": [[62.8, 49.95], [54.300000000000004, 50.0], [50.0, 49.95], [50.55, 90.7], [50.0, 50.0]]}, "0.5": {"adv_acc": [62.0, 61.0, 62.0, 62.0, 63.0], "victim_acc": [[50.0, 50.64999999999999], [50.0, 49.7], [50.0, 50.0], [50.0, 50.0], [50.0, 50.0]]}, "0.6": {"adv_acc": [67.0, 60.0, 68.0, 68.0, 62.0], "victim_acc": [[74.0, 74.1], [50.0, 50.0], [79.5, 50.0], [50.0, 40.65], [50.0, 50.0]]}, "0.7": {"adv_acc": [82.0, 73.0, 78.0, 76.0, 74.0], "victim_acc": [[100.0, 100.0], [64.25, 76.15], [50.7, 73.5], [99.8, 75.64999999999999], [100.0, 50.0]]}, "0.8": {"adv_acc": [88.0, 83.0, 80.0, 76.0, 85.0], "victim_acc": [[100.0, 100.0], [54.55, 50.0], [82.5, 50.0], [91.2, 50.0], [100.0, 100.0]]}}, "threshold_perpoint": {"0.2": {"adv_acc": [96.0, 98.0, 97.0, 97.0, 95.0], "victim_acc": [100.0, 100.0, 100.0, 100.0, 100.0]}, "0.3": {"adv_acc": [97.0, 91.0, 86.0, 91.0, 89.0], "victim_acc": [50.55, 96.3, 99.7, 97.5, 100.0]}, "0.4": {"adv_acc": [89.0, 82.0, 79.0, 79.0, 85.0], "victim_acc": [95.19999999999999, 52.65, 50.4, 50.0, 97.89999999999999]}, "0.5": {"adv_acc": [66.0, 70.0, 81.0, 67.0, 83.0], "victim_acc": [49.85, 50.0, 49.7, 49.5, 50.0]}, "0.6": {"adv_acc": [74.0, 96.0, 72.0, 93.0, 97.0], "victim_acc": [52.949999999999996, 64.4, 88.64999999999999, 50.0, 90.3]}, "0.7": {"adv_acc": [86.0, 86.0, 89.0, 88.0, 86.0], "victim_acc": [100.0, 100.0, 93.35, 100.0, 100.0]}, "0.8": {"adv_acc": [96.0, 99.0, 92.0, 92.0, 100.0], "victim_acc": [100.0, 100.0, 100.0, 100.0, 100.0]}}}, "save time": "2022-05-18 23:51:38.380276"}