{"name": "multi1", "start time": "2022-05-20 22:39:08.674928", "attack_config": {"train_config": {"data_config": {"name": "celeba", "prop": "Young", "value": 0.5, "split": "adv", "drop_senstive_cols": false, "scale": 1.0, "augment": false, "classify": "Male", "cwise_samples": null, "squeeze": false}, "epochs": 0, "learning_rate": 0.0, "batch_size": 0, "misc_config": null, "lr_scheduler": null, "verbose": false, "num_models": 1, "offset": 0, "weight_decay": 0, "get_best": true, "cpu": false, "expect_extra": true, "save_every_epoch": false, "extra_info": null, "regression": false, "multi_class": false}, "values": [0.0, 0.1, 0.2, 0.3, 0.4, 0.6, 0.7, 0.8, 0.9, 1.0], "black_box": {"attack_type": ["loss_and_threshold", "threshold_perpoint"], "ratios": [0.05, 0.1, 0.2, 0.3, 0.4, 0.5, 1.0], "batch_size": 512, "num_adv_models": 50, "granularity": 0.05, "preload": true, "multi": 50, "multi2": null, "multi_class": false, "save": false, "tune_final_threshold": false}, "white_box": null, "tries": 5, "num_victim_models": 500, "on_cpu": true, "adv_misc_config": null, "num_total_adv_models": 1000}, "result": {"loss_and_threshold": {"0.0": {"adv_acc": [67.0, 75.0, 73.0, 73.0, 67.0], "victim_acc": [[50.0, 53.0], [75.3, 60.5], [60.199999999999996, 62.7], [51.800000000000004, 70.0], [54.0, 59.699999999999996]]}, "0.1": {"adv_acc": [66.0, 61.0, 69.0, 56.00000000000001, 68.0], "victim_acc": [[50.3, 51.1], [50.0, 51.0], [59.699999999999996, 59.3], [58.8, 53.6], [50.1, 54.300000000000004]]}, "0.2": {"adv_acc": [70.0, 59.0, 70.0, 65.0, 68.0], "victim_acc": [[83.1, 63.5], [49.8, 49.8], [50.0, 47.2], [50.0, 49.0], [53.400000000000006, 44.099999999999994]]}, "0.3": {"adv_acc": [60.0, 60.0, 62.0, 57.99999999999999, 60.0], "victim_acc": [[50.1, 52.6], [50.0, 50.3], [50.5, 51.0], [49.4, 50.1], [50.0, 47.5]]}, "0.4": {"adv_acc": [60.0, 62.0, 57.99999999999999, 62.0, 62.0], "victim_acc": [[50.0, 53.2], [50.0, 50.3], [48.699999999999996, 50.8], [48.4, 52.900000000000006], [50.0, 50.0]]}, "0.6": {"adv_acc": [62.0, 61.0, 64.0, 60.0, 61.0], "victim_acc": [[50.0, 50.2], [50.0, 49.5], [50.0, 50.3], [50.2, 50.0], [50.0, 50.1]]}, "0.7": {"adv_acc": [64.0, 63.0, 63.0, 60.0, 59.0], "victim_acc": [[83.7, 47.3], [37.6, 51.2], [49.5, 50.8], [58.5, 52.900000000000006], [47.199999999999996, 49.3]]}, "0.8": {"adv_acc": [61.0, 60.0, 60.0, 67.0, 65.0], "victim_acc": [[50.0, 62.9], [50.0, 55.699999999999996], [50.0, 58.5], [54.0, 52.400000000000006], [48.9, 42.8]]}, "0.9": {"adv_acc": [65.0, 63.0, 65.0, 60.0, 59.0], "victim_acc": [[55.00000000000001, 50.3], [51.1, 49.0], [50.5, 50.9], [73.7, 58.60000000000001], [50.0, 40.900000000000006]]}, "1.0": {"adv_acc": [63.0, 61.0, 62.0, 66.0, 63.0], "victim_acc": [[50.0, 49.3], [50.0, 47.8], [50.7, 67.30000000000001], [50.8, 48.6], [50.0, 56.00000000000001]]}}, "threshold_perpoint": {"0.0": {"adv_acc": [70.0, 82.0, 85.0, 74.0, 71.0], "victim_acc": [50.0, 69.89999999999999, 51.300000000000004, 50.0, 50.0]}, "0.1": {"adv_acc": [70.0, 77.0, 76.0, 65.0, 68.0], "victim_acc": [71.2, 50.0, 98.9, 50.0, 59.3]}, "0.2": {"adv_acc": [72.0, 67.0, 68.0, 64.0, 74.0], "victim_acc": [50.0, 65.8, 50.0, 50.0, 85.9]}, "0.3": {"adv_acc": [60.0, 64.0, 63.0, 69.0, 60.0], "victim_acc": [50.0, 50.2, 50.0, 50.8, 68.30000000000001]}, "0.4": {"adv_acc": [62.0, 67.0, 60.0, 64.0, 63.0], "victim_acc": [50.0, 50.0, 50.7, 40.9, 51.300000000000004]}, "0.6": {"adv_acc": [72.0, 61.0, 65.0, 61.0, 63.0], "victim_acc": [50.0, 52.0, 50.0, 39.0, 50.0]}, "0.7": {"adv_acc": [64.0, 63.0, 62.0, 60.0, 59.0], "victim_acc": [50.0, 50.0, 50.0, 57.99999999999999, 50.0]}, "0.8": {"adv_acc": [63.0, 63.0, 60.0, 72.0, 64.0], "victim_acc": [50.0, 48.1, 50.0, 50.0, 50.0]}, "0.9": {"adv_acc": [64.0, 67.0, 78.0, 62.0, 68.0], "victim_acc": [50.0, 50.0, 50.0, 50.0, 51.1]}, "1.0": {"adv_acc": [66.0, 67.0, 65.0, 67.0, 64.0], "victim_acc": [51.2, 50.1, 66.2, 70.3, 66.2]}}}, "save time": "2022-05-21 08:16:42.320649"}