{"name": "dp_vic.json", "start time": "2022-03-30 19:23:17.162036", "Attack config": {"train_config": {"data_config": {"name": "new_census", "prop": "sex", "value": 0.5, "split": "adv", "drop_senstive_cols": false, "scale": 1.0, "augment": false, "classify": null, "cwise_samples": null, "squeeze": true}, "epochs": 0, "learning_rate": 0.0, "batch_size": 0, "misc_config": {"adv_config": null, "dp_config": {"epsilon": 0.1, "delta": 0.0, "physical_batch_size": 0, "max_grad_norm": 0.0}}, "verbose": false, "num_models": 1, "offset": 0, "weight_decay": 0, "get_best": true, "cpu": false, "expect_extra": true, "use_best": true}, "values": [0.0, 0.1, 0.2, 0.3, 0.4, 0.6, 0.7, 0.8, 0.9, 1.0], "black_box": {"attack_type": ["loss_and_threshold", "threshold_perpoint"], "ratios": [0.05, 0.1, 0.2, 0.3, 0.4, 0.5, 1.0], "granularity": 0.05, "batch_size": 256, "num_adv_models": 50}, "white_box": null, "tries": 5, "num_victim_models": 1000, "on_cpu": false, "adv_misc_config": null, "num_total_adv_models": 1000}, "result": {"loss_and_threshold": {"0.0": {"adv_acc": [100.0, 100.0, 100.0, 100.0, 100.0], "victim_acc": [[50.0, 69.25], [50.0, 93.2], [50.0, 95.04999999999998], [50.0, 98.85], [50.0, 43.05]]}, "0.1": {"adv_acc": [100.0, 100.0, 100.0, 100.0, 100.0], "victim_acc": [[50.0, 2.9499999999999997], [50.0, 16.5], [50.0, 6.45], [50.0, 33.95], [50.0, 0.05]]}, "0.2": {"adv_acc": [100.0, 100.0, 100.0, 100.0, 100.0], "victim_acc": [[50.0, 16.950000000000003], [50.0, 5.1499999999999995], [50.0, 2.0], [50.0, 82.05], [50.0, 3.2]]}, "0.3": {"adv_acc": [100.0, 100.0, 100.0, 100.0, 100.0], "victim_acc": [[50.0, 36.5], [50.0, 82.35], [50.0, 46.8], [50.0, 87.6], [50.0, 3.05]]}, "0.4": {"adv_acc": [100.0, 100.0, 100.0, 100.0, 100.0], "victim_acc": [[50.0, 30.9], [50.0, 25.4], [50.0, 38.14999999999999], [50.0, 98.8], [50.0, 27.800000000000004]]}, "0.6": {"adv_acc": [100.0, 100.0, 100.0, 100.0, 100.0], "victim_acc": [[50.0, 7.55], [50.0, 88.4], [50.0, 67.39999999999999], [50.0, 9.4], [50.0, 78.60000000000001]]}, "0.7": {"adv_acc": [100.0, 100.0, 100.0, 100.0, 100.0], "victim_acc": [[50.0, 68.45], [50.0, 62.25000000000001], [50.0, 62.1], [50.0, 23.95], [50.0, 57.3]]}, "0.8": {"adv_acc": [100.0, 100.0, 100.0, 100.0, 100.0], "victim_acc": [[50.0, 26.900000000000002], [50.0, 21.6], [50.0, 56.85], [50.0, 40.2], [50.0, 52.300000000000004]]}, "0.9": {"adv_acc": [100.0, 100.0, 100.0, 100.0, 100.0], "victim_acc": [[50.0, 41.0], [50.0, 74.5], [50.0, 32.800000000000004], [50.0, 63.5], [50.0, 57.2]]}, "1.0": {"adv_acc": [100.0, 100.0, 100.0, 100.0, 100.0], "victim_acc": [[50.0, 40.050000000000004], [50.0, 22.7], [50.0, 24.0], [50.0, 48.699999999999996], [50.0, 24.3]]}}, "threshold_perpoint": {"0.0": {"adv_acc": [100.0, 100.0, 100.0, 100.0, 100.0], "victim_acc": [100.0, 100.0, 100.0, 100.0, 100.0]}, "0.1": {"adv_acc": [100.0, 100.0, 100.0, 100.0, 100.0], "victim_acc": [100.0, 100.0, 100.0, 100.0, 100.0]}, "0.2": {"adv_acc": [100.0, 100.0, 100.0, 100.0, 100.0], "victim_acc": [100.0, 100.0, 100.0, 100.0, 100.0]}, "0.3": {"adv_acc": [100.0, 100.0, 100.0, 100.0, 100.0], "victim_acc": [100.0, 100.0, 100.0, 100.0, 100.0]}, "0.4": {"adv_acc": [100.0, 100.0, 100.0, 100.0, 100.0], "victim_acc": [100.0, 100.0, 100.0, 100.0, 100.0]}, "0.6": {"adv_acc": [100.0, 100.0, 100.0, 100.0, 100.0], "victim_acc": [100.0, 100.0, 100.0, 100.0, 100.0]}, "0.7": {"adv_acc": [100.0, 100.0, 100.0, 100.0, 100.0], "victim_acc": [100.0, 100.0, 100.0, 100.0, 100.0]}, "0.8": {"adv_acc": [100.0, 100.0, 100.0, 100.0, 100.0], "victim_acc": [100.0, 100.0, 100.0, 100.0, 100.0]}, "0.9": {"adv_acc": [100.0, 100.0, 100.0, 100.0, 100.0], "victim_acc": [100.0, 100.0, 100.0, 100.0, 100.0]}, "1.0": {"adv_acc": [100.0, 100.0, 100.0, 100.0, 100.0], "victim_acc": [100.0, 100.0, 100.0, 100.0, 100.0]}}}, "save time": "2022-03-30 22:57:34.509456"}