{"name": "race_bbdp0.1_vic", "start time": "2022-04-08 10:42:14.671421", "attack_config": {"train_config": {"data_config": {"name": "new_census", "prop": "race", "value": 0.5, "split": "adv", "drop_senstive_cols": false, "scale": 1.0, "augment": false, "classify": null, "cwise_samples": null, "squeeze": true}, "epochs": 0, "learning_rate": 0.0, "batch_size": 0, "misc_config": {"adv_config": null, "dp_config": {"epsilon": 0.1, "delta": 0.0, "physical_batch_size": 0, "max_grad_norm": 0.0}}, "verbose": false, "num_models": 1, "offset": 0, "weight_decay": 0, "get_best": true, "cpu": false, "expect_extra": true, "extra_info": null}, "values": [0.0, 0.1, 0.2, 0.3, 0.4, 0.6, 0.7, 0.8, 0.9, 1.0], "black_box": {"attack_type": ["loss_and_threshold", "threshold_perpoint"], "ratios": [0.05, 0.1, 0.2, 0.3, 0.4, 0.5, 1.0], "granularity": 0.05, "batch_size": 256, "num_adv_models": 50, "preload": true}, "white_box": null, "tries": 5, "num_victim_models": 1000, "on_cpu": false, "adv_misc_config": null, "num_total_adv_models": 1000}, "result": {"loss_and_threshold": {"0.0": {"adv_acc": [100.0, 100.0, 100.0, 100.0, 99.0], "victim_acc": [[58.3, 50.64999999999999], [50.0, 50.5], [50.0, 50.14999999999999], [50.0, 50.2], [50.0, 50.14999999999999]]}, "0.1": {"adv_acc": [98.0, 93.0, 94.0, 81.0, 91.0], "victim_acc": [[50.0, 59.25], [50.0, 51.05], [50.0, 72.55], [50.0, 51.4], [50.0, 69.19999999999999]]}, "0.2": {"adv_acc": [83.0, 75.0, 79.0, 66.0, 90.0], "victim_acc": [[50.0, 51.349999999999994], [50.0, 52.75], [50.0, 51.74999999999999], [50.0, 55.55000000000001], [50.0, 52.949999999999996]]}, "0.3": {"adv_acc": [62.0, 63.0, 67.0, 66.0, 74.0], "victim_acc": [[50.0, 49.349999999999994], [50.0, 53.0], [50.0, 51.349999999999994], [50.0, 53.1], [50.0, 50.14999999999999]]}, "0.4": {"adv_acc": [64.0, 64.0, 57.99999999999999, 71.0, 70.0], "victim_acc": [[50.0, 50.3], [50.0, 49.45], [50.0, 51.849999999999994], [50.0, 51.15], [50.0, 50.3]]}, "0.6": {"adv_acc": [64.0, 63.0, 67.0, 60.0, 65.0], "victim_acc": [[50.0, 49.95], [50.0, 50.1], [50.0, 54.29999999999999], [50.0, 49.15], [50.0, 52.400000000000006]]}, "0.7": {"adv_acc": [60.0, 76.0, 64.0, 70.0, 77.0], "victim_acc": [[50.0, 55.15], [50.0, 50.2], [50.0, 52.7], [50.0, 52.449999999999996], [50.0, 51.75000000000001]]}, "0.8": {"adv_acc": [75.0, 73.0, 81.0, 77.0, 73.0], "victim_acc": [[50.0, 54.55], [50.0, 50.14999999999999], [50.0, 58.050000000000004], [50.0, 53.349999999999994], [50.0, 51.7]]}, "0.9": {"adv_acc": [80.0, 94.0, 88.0, 78.0, 79.0], "victim_acc": [[50.0, 50.1], [50.0, 50.0], [50.0, 63.74999999999999], [50.0, 51.2], [50.0, 50.949999999999996]]}, "1.0": {"adv_acc": [89.0, 97.0, 94.0, 87.0, 94.0], "victim_acc": [[50.0, 68.8], [50.0, 56.65], [50.0, 70.9], [50.0, 53.349999999999994], [50.0, 54.35]]}}, "threshold_perpoint": {"0.0": {"adv_acc": [100.0, 100.0, 100.0, 100.0, 100.0], "victim_acc": [69.75, 59.3, 58.85, 66.64999999999999, 63.7]}, "0.1": {"adv_acc": [100.0, 100.0, 100.0, 100.0, 100.0], "victim_acc": [54.300000000000004, 51.7, 54.2, 60.25, 50.2]}, "0.2": {"adv_acc": [100.0, 100.0, 99.0, 100.0, 100.0], "victim_acc": [50.2, 50.05, 51.5, 50.7, 50.4]}, "0.3": {"adv_acc": [97.0, 100.0, 100.0, 100.0, 100.0], "victim_acc": [51.05, 54.50000000000001, 50.24999999999999, 50.05, 50.7]}, "0.4": {"adv_acc": [99.0, 99.0, 98.0, 100.0, 100.0], "victim_acc": [49.95, 50.0, 50.1, 55.400000000000006, 51.2]}, "0.6": {"adv_acc": [100.0, 98.0, 97.0, 98.0, 98.0], "victim_acc": [50.0, 50.3, 51.55, 49.95, 52.400000000000006]}, "0.7": {"adv_acc": [100.0, 98.0, 100.0, 99.0, 99.0], "victim_acc": [50.0, 50.0, 50.05, 50.05, 50.0]}, "0.8": {"adv_acc": [99.0, 100.0, 97.0, 100.0, 99.0], "victim_acc": [50.1, 50.2, 50.0, 50.14999999999999, 50.74999999999999]}, "0.9": {"adv_acc": [100.0, 100.0, 100.0, 100.0, 100.0], "victim_acc": [50.0, 50.2, 52.2, 50.14999999999999, 50.0]}, "1.0": {"adv_acc": [100.0, 100.0, 100.0, 100.0, 100.0], "victim_acc": [50.05, 50.0, 50.05, 50.0, 50.05]}}}, "save time": "2022-04-08 20:26:03.521692"}