{"name": "sex_dp+victim.json", "start time": "2022-03-28 18:12:41.029732", "Attack config": {"train_config": {"data_config": {"name": "new_census", "prop": "sex", "value": 0.5, "split": "adv", "drop_senstive_cols": false, "scale": 1.0, "augment": false, "classify": null, "cwise_samples": null, "squeeze": true}, "epochs": 0, "learning_rate": 0.0, "batch_size": 0, "misc_config": {"adv_config": null, "dp_config": {"epsilon": 0.1, "delta": 0.0, "physical_batch_size": 0, "max_grad_norm": 0.0}}, "verbose": false, "num_models": 1, "offset": 0, "weight_decay": 0, "get_best": true, "cpu": false, "expect_extra": true, "use_best": true}, "values": [0.0, 0.1, 0.2, 0.3, 0.4, 0.6, 0.7, 0.8, 0.9, 1.0], "black_box": {"attack_type": ["loss_and_threshold", "threshold_perpoint"], "ratios": [0.05, 0.1, 0.2, 0.3, 0.4, 0.5, 1.0], "granularity": 0.05, "batch_size": 256, "num_adv_models": 50}, "white_box": null, "tries": 5, "num_victim_models": 1000, "on_cpu": false, "adv_diff_misc_config": false, "adv_misc_config": null, "num_total_adv_models": 1000}, "result": {"loss_and_threshold": {"0.0": {"adv_acc": [100.0, 100.0, 100.0, 100.0, 100.0], "victim_acc": [[98.25, 98.8], [93.75, 96.30000000000001], [86.75, 98.9], [87.85, 99.55000000000001], [95.95, 56.699999999999996]]}, "0.1": {"adv_acc": [100.0, 100.0, 100.0, 100.0, 100.0], "victim_acc": [[88.5, 98.2], [97.65, 2.8000000000000003], [96.39999999999999, 2.6], [98.5, 0.1], [91.95, 74.5]]}, "0.2": {"adv_acc": [100.0, 100.0, 100.0, 100.0, 100.0], "victim_acc": [[98.75, 97.55], [98.4, 0.8999999999999999], [90.8, 8.950000000000001], [87.4, 0.44999999999999996], [97.85000000000001, 0.0]]}, "0.3": {"adv_acc": [100.0, 100.0, 100.0, 100.0, 100.0], "victim_acc": [[91.5, 19.8], [83.89999999999999, 60.949999999999996], [88.64999999999999, 11.85], [97.7, 0.15], [99.65, 1.5]]}, "0.4": {"adv_acc": [100.0, 100.0, 100.0, 100.0, 100.0], "victim_acc": [[96.65, 30.55], [98.0, 0.65], [90.75, 2.7], [87.85, 1.15], [92.75, 10.9]]}, "0.6": {"adv_acc": [100.0, 100.0, 100.0, 100.0, 100.0], "victim_acc": [[99.95, 99.75], [97.3, 96.89999999999999], [95.65, 99.95], [96.2, 2.0500000000000003], [89.4, 74.95]]}, "0.7": {"adv_acc": [100.0, 100.0, 100.0, 100.0, 100.0], "victim_acc": [[92.9, 0.3], [94.5, 38.65], [92.9, 0.9500000000000002], [87.9, 94.5], [99.45, 95.85]]}, "0.8": {"adv_acc": [100.0, 100.0, 100.0, 100.0, 100.0], "victim_acc": [[98.85000000000001, 0.05], [99.7, 0.0], [95.5, 86.5], [95.85000000000001, 96.85], [95.0, 0.35000000000000003]]}, "0.9": {"adv_acc": [100.0, 100.0, 100.0, 100.0, 100.0], "victim_acc": [[82.25, 6.800000000000001], [90.5, 97.89999999999999], [80.15, 5.8], [89.60000000000001, 88.35], [85.75, 84.55]]}, "1.0": {"adv_acc": [100.0, 100.0, 100.0, 100.0, 100.0], "victim_acc": [[96.35000000000001, 84.65], [93.45, 88.45], [94.55, 91.85], [99.6, 95.75], [90.05, 88.2]]}}, "threshold_perpoint": {"0.0": {"adv_acc": [100.0, 100.0, 100.0, 100.0, 100.0], "victim_acc": [100.0, 100.0, 100.0, 100.0, 100.0]}, "0.1": {"adv_acc": [100.0, 100.0, 100.0, 100.0, 100.0], "victim_acc": [100.0, 100.0, 100.0, 100.0, 100.0]}, "0.2": {"adv_acc": [100.0, 100.0, 100.0, 100.0, 100.0], "victim_acc": [100.0, 100.0, 100.0, 100.0, 100.0]}, "0.3": {"adv_acc": [100.0, 100.0, 100.0, 100.0, 100.0], "victim_acc": [100.0, 100.0, 100.0, 100.0, 100.0]}, "0.4": {"adv_acc": [100.0, 100.0, 100.0, 100.0, 100.0], "victim_acc": [100.0, 100.0, 100.0, 100.0, 100.0]}, "0.6": {"adv_acc": [100.0, 100.0, 100.0, 100.0, 100.0], "victim_acc": [100.0, 100.0, 100.0, 100.0, 100.0]}, "0.7": {"adv_acc": [100.0, 100.0, 100.0, 100.0, 100.0], "victim_acc": [100.0, 100.0, 100.0, 100.0, 100.0]}, "0.8": {"adv_acc": [100.0, 100.0, 100.0, 100.0, 100.0], "victim_acc": [100.0, 100.0, 100.0, 100.0, 100.0]}, "0.9": {"adv_acc": [100.0, 100.0, 100.0, 100.0, 100.0], "victim_acc": [100.0, 100.0, 100.0, 100.0, 100.0]}, "1.0": {"adv_acc": [100.0, 100.0, 100.0, 100.0, 100.0], "victim_acc": [100.0, 100.0, 100.0, 100.0, 100.0]}}}, "save time": "2022-03-29 05:07:36.702780"}