{"name": "multi2", "start time": "2022-05-20 22:39:55.470662", "attack_config": {"train_config": {"data_config": {"name": "celeba", "prop": "Young", "value": 0.5, "split": "adv", "drop_senstive_cols": false, "scale": 1.0, "augment": false, "classify": "Male", "cwise_samples": null, "squeeze": false}, "epochs": 0, "learning_rate": 0.0, "batch_size": 0, "misc_config": null, "lr_scheduler": null, "verbose": false, "num_models": 1, "offset": 0, "weight_decay": 0, "get_best": true, "cpu": false, "expect_extra": true, "save_every_epoch": false, "extra_info": null, "regression": false, "multi_class": false}, "values": [0.0, 0.1, 0.2, 0.3, 0.4, 0.6, 0.7, 0.8, 0.9, 1.0], "black_box": {"attack_type": ["loss_and_threshold", "threshold_perpoint"], "ratios": [0.05, 0.1, 0.2, 0.3, 0.4, 0.5, 1.0], "batch_size": 512, "num_adv_models": 50, "granularity": 0.05, "preload": true, "multi": null, "multi2": 50, "multi_class": false, "save": false, "tune_final_threshold": false}, "white_box": null, "tries": 5, "num_victim_models": 500, "on_cpu": true, "adv_misc_config": null, "num_total_adv_models": 1000}, "result": {"loss_and_threshold": {"0.0": {"adv_acc": [70.0, 71.0, 72.0, 67.0, 68.0], "victim_acc": [[62.8, 50.0], [87.6, 50.0], [68.10000000000001, 50.6], [50.0, 50.0], [50.0, 54.2]]}, "0.1": {"adv_acc": [67.0, 62.0, 67.0, 64.0, 61.0], "victim_acc": [[90.10000000000001, 50.0], [50.0, 50.0], [81.10000000000001, 50.0], [70.89999999999999, 50.0], [50.0, 50.7]]}, "0.2": {"adv_acc": [64.0, 67.0, 64.0, 59.0, 67.0], "victim_acc": [[50.1, 50.0], [50.6, 50.0], [87.9, 50.2], [56.3, 50.0], [50.0, 50.0]]}, "0.3": {"adv_acc": [56.99999999999999, 65.0, 61.0, 65.0, 65.0], "victim_acc": [[50.0, 50.0], [50.0, 47.5], [50.1, 54.99999999999999], [43.4, 50.0], [59.599999999999994, 52.300000000000004]]}, "0.4": {"adv_acc": [62.0, 59.0, 65.0, 62.0, 61.0], "victim_acc": [[44.2, 54.29999999999999], [50.0, 50.0], [50.0, 48.699999999999996], [50.0, 50.0], [50.0, 61.199999999999996]]}, "0.6": {"adv_acc": [59.0, 61.0, 57.99999999999999, 60.0, 62.0], "victim_acc": [[41.8, 50.0], [50.0, 50.0], [50.0, 50.0], [49.2, 50.0], [50.0, 50.0]]}, "0.7": {"adv_acc": [61.0, 63.0, 60.0, 60.0, 69.0], "victim_acc": [[50.0, 50.2], [50.0, 50.0], [50.0, 50.1], [50.0, 69.8], [50.0, 50.2]]}, "0.8": {"adv_acc": [66.0, 57.99999999999999, 62.0, 59.0, 57.99999999999999], "victim_acc": [[50.0, 50.0], [50.0, 50.1], [49.8, 50.0], [49.6, 50.0], [50.0, 86.1]]}, "0.9": {"adv_acc": [62.0, 67.0, 61.0, 67.0, 64.0], "victim_acc": [[70.3, 50.0], [74.4, 49.9], [57.8, 94.10000000000001], [49.9, 36.8], [50.0, 39.300000000000004]]}, "1.0": {"adv_acc": [61.0, 67.0, 69.0, 62.0, 60.0], "victim_acc": [[50.0, 54.6], [50.0, 50.0], [50.1, 50.4], [50.7, 100.0], [50.0, 78.2]]}}, "threshold_perpoint": {"0.0": {"adv_acc": [74.0, 71.0, 76.0, 74.0, 85.0], "victim_acc": [86.4, 50.0, 51.2, 51.800000000000004, 50.0]}, "0.1": {"adv_acc": [66.0, 66.0, 82.0, 64.0, 75.0], "victim_acc": [51.4, 50.0, 50.1, 86.1, 52.1]}, "0.2": {"adv_acc": [66.0, 66.0, 61.0, 77.0, 71.0], "victim_acc": [50.0, 58.699999999999996, 50.3, 50.4, 50.0]}, "0.3": {"adv_acc": [69.0, 63.0, 60.0, 66.0, 76.0], "victim_acc": [61.1, 50.0, 50.9, 58.099999999999994, 50.0]}, "0.4": {"adv_acc": [61.0, 64.0, 61.0, 68.0, 65.0], "victim_acc": [50.0, 50.2, 50.0, 50.1, 50.0]}, "0.6": {"adv_acc": [60.0, 60.0, 60.0, 62.0, 65.0], "victim_acc": [38.3, 50.1, 50.0, 50.0, 50.0]}, "0.7": {"adv_acc": [59.0, 67.0, 65.0, 72.0, 66.0], "victim_acc": [50.0, 50.0, 50.9, 50.0, 50.0]}, "0.8": {"adv_acc": [66.0, 63.0, 66.0, 64.0, 67.0], "victim_acc": [50.0, 35.3, 38.2, 37.0, 50.0]}, "0.9": {"adv_acc": [67.0, 82.0, 64.0, 69.0, 66.0], "victim_acc": [50.0, 50.4, 51.6, 49.9, 53.400000000000006]}, "1.0": {"adv_acc": [64.0, 70.0, 73.0, 75.0, 66.0], "victim_acc": [50.0, 55.699999999999996, 84.4, 96.50000000000001, 55.89999999999999]}}}, "save time": "2022-05-21 08:16:45.825409"}