{"name": "bb_multi2", "start time": "2022-05-12 21:59:25.229492", "attack_config": {"train_config": {"data_config": {"name": "new_census", "prop": "sex", "value": 0.5, "split": "adv", "drop_senstive_cols": false, "scale": 1.0, "augment": false, "classify": null, "cwise_samples": null, "squeeze": true}, "epochs": 0, "learning_rate": 0.0, "batch_size": 0, "misc_config": null, "verbose": false, "lr_scheduler": null, "num_models": 1, "offset": 0, "weight_decay": 0, "get_best": true, "cpu": false, "expect_extra": true, "save_every_epoch": false, "extra_info": null, "regression": false}, "values": [0.0, 0.1, 0.2, 0.3, 0.4, 0.6, 0.7, 0.8, 0.9, 1.0], "black_box": {"attack_type": ["loss_and_threshold", "threshold_perpoint"], "ratios": [0.0, 0.1, 0.2, 0.3, 0.4, 0.6, 0.7, 0.8, 0.9, 1.0], "granularity": 0.05, "batch_size": 30000, "num_adv_models": 50, "preload": true, "multi": null, "multi2": 50}, "white_box": null, "tries": 5, "num_victim_models": 1000, "on_cpu": false, "adv_misc_config": null, "num_total_adv_models": 1000}, "result": {"loss_and_threshold": {"0.0": {"adv_acc": [100.0, 100.0, 100.0, 100.0, 100.0], "victim_acc": [[100.0, 100.0], [100.0, 100.0], [96.1, 50.0], [100.0, 100.0], [100.0, 100.0]]}, "0.1": {"adv_acc": [98.0, 99.0, 99.0, 98.0, 96.0], "victim_acc": [[100.0, 50.0], [100.0, 50.0], [100.0, 50.0], [100.0, 50.0], [100.0, 100.0]]}, "0.2": {"adv_acc": [91.0, 91.0, 94.0, 90.0, 86.0], "victim_acc": [[92.35, 50.0], [54.0, 50.0], [92.10000000000001, 50.0], [71.0, 50.0], [79.4, 50.0]]}, "0.3": {"adv_acc": [81.0, 74.0, 79.0, 75.0, 73.0], "victim_acc": [[50.0, 50.0], [50.0, 50.0], [50.0, 50.0], [50.0, 100.0], [52.25, 50.0]]}, "0.4": {"adv_acc": [67.0, 68.0, 65.0, 71.0, 61.0], "victim_acc": [[50.0, 50.0], [77.9, 50.0], [50.3, 50.0], [50.0, 50.0], [74.0, 50.0]]}, "0.6": {"adv_acc": [65.0, 71.0, 64.0, 70.0, 69.0], "victim_acc": [[50.0, 50.0], [50.05, 50.0], [50.24999999999999, 50.0], [50.0, 50.0], [50.0, 50.0]]}, "0.7": {"adv_acc": [77.0, 66.0, 84.0, 84.0, 80.0], "victim_acc": [[70.5, 50.0], [50.0, 50.0], [50.14999999999999, 100.0], [50.0, 50.0], [97.89999999999999, 50.0]]}, "0.8": {"adv_acc": [83.0, 84.0, 89.0, 91.0, 90.0], "victim_acc": [[96.8, 50.0], [80.25, 50.0], [53.6, 50.0], [98.3, 50.0], [100.0, 50.0]]}, "0.9": {"adv_acc": [98.0, 97.0, 98.0, 96.0, 98.0], "victim_acc": [[100.0, 50.0], [100.0, 100.0], [100.0, 50.0], [100.0, 50.0], [100.0, 50.0]]}, "1.0": {"adv_acc": [100.0, 100.0, 100.0, 100.0, 100.0], "victim_acc": [[100.0, 100.0], [100.0, 100.0], [100.0, 100.0], [100.0, 100.0], [100.0, 100.0]]}}, "threshold_perpoint": {"0.0": {"adv_acc": [100.0, 100.0, 100.0, 100.0, 100.0], "victim_acc": [100.0, 100.0, 100.0, 100.0, 100.0]}, "0.1": {"adv_acc": [100.0, 100.0, 100.0, 100.0, 100.0], "victim_acc": [100.0, 100.0, 100.0, 100.0, 100.0]}, "0.2": {"adv_acc": [100.0, 100.0, 100.0, 100.0, 100.0], "victim_acc": [100.0, 100.0, 100.0, 100.0, 100.0]}, "0.3": {"adv_acc": [100.0, 100.0, 99.0, 100.0, 100.0], "victim_acc": [100.0, 100.0, 100.0, 100.0, 100.0]}, "0.4": {"adv_acc": [91.0, 97.0, 91.0, 98.0, 99.0], "victim_acc": [89.7, 100.0, 59.150000000000006, 100.0, 99.8]}, "0.6": {"adv_acc": [99.0, 96.0, 99.0, 98.0, 99.0], "victim_acc": [99.8, 100.0, 98.64999999999999, 100.0, 99.0]}, "0.7": {"adv_acc": [100.0, 100.0, 100.0, 100.0, 100.0], "victim_acc": [100.0, 100.0, 100.0, 100.0, 100.0]}, "0.8": {"adv_acc": [100.0, 100.0, 100.0, 100.0, 100.0], "victim_acc": [100.0, 100.0, 100.0, 100.0, 100.0]}, "0.9": {"adv_acc": [100.0, 100.0, 100.0, 100.0, 100.0], "victim_acc": [100.0, 100.0, 100.0, 100.0, 100.0]}, "1.0": {"adv_acc": [100.0, 100.0, 100.0, 100.0, 100.0], "victim_acc": [100.0, 100.0, 100.0, 100.0, 100.0]}}}, "save time": "2022-05-13 04:46:17.601371"}