{"name": "bb_multi2", "start time": "2022-05-17 22:31:12.966411", "attack_config": {"train_config": {"data_config": {"name": "new_census", "prop": "sex", "value": 0.5, "split": "adv", "drop_senstive_cols": false, "scale": 1.0, "augment": false, "classify": null, "cwise_samples": null, "squeeze": true}, "epochs": 0, "learning_rate": 0.0, "batch_size": 0, "misc_config": null, "lr_scheduler": null, "verbose": false, "num_models": 1, "offset": 0, "weight_decay": 0, "get_best": true, "cpu": false, "expect_extra": true, "save_every_epoch": false, "extra_info": null, "regression": false, "multi_class": false}, "values": [0.0, 0.1, 0.2, 0.3, 0.4, 0.6, 0.7, 0.8, 0.9, 1.0], "black_box": {"attack_type": ["loss_and_threshold", "threshold_perpoint"], "ratios": [0.05, 0.1, 0.2, 0.3, 0.4, 0.5, 1.0], "granularity": 0.05, "batch_size": 30000, "num_adv_models": 50, "preload": true, "multi": null, "multi2": 50, "multi_class": false}, "white_box": null, "tries": 5, "num_victim_models": 1000, "on_cpu": false, "adv_misc_config": null, "num_total_adv_models": 1000}, "result": {"loss_and_threshold": {"0.0": {"adv_acc": [100.0, 100.0, 100.0, 100.0, 100.0], "victim_acc": [[100.0, 100.0], [100.0, 100.0], [100.0, 100.0], [100.0, 50.0], [100.0, 100.0]]}, "0.1": {"adv_acc": [99.0, 96.0, 98.0, 99.0, 100.0], "victim_acc": [[99.65, 100.0], [100.0, 50.0], [100.0, 53.5], [100.0, 50.0], [99.45, 50.0]]}, "0.2": {"adv_acc": [92.0, 77.0, 88.0, 92.0, 92.0], "victim_acc": [[80.80000000000001, 50.0], [99.75, 50.0], [50.24999999999999, 50.0], [100.0, 50.3], [53.300000000000004, 50.0]]}, "0.3": {"adv_acc": [76.0, 74.0, 77.0, 84.0, 77.0], "victim_acc": [[50.0, 50.1], [50.05, 50.05], [50.4, 50.0], [50.949999999999996, 50.0], [50.0, 50.0]]}, "0.4": {"adv_acc": [65.0, 66.0, 74.0, 63.0, 69.0], "victim_acc": [[50.55, 50.0], [53.849999999999994, 49.150000000000006], [50.0, 50.0], [50.0, 50.05], [58.3, 50.0]]}, "0.6": {"adv_acc": [66.0, 67.0, 71.0, 66.0, 68.0], "victim_acc": [[50.4, 50.0], [50.0, 50.0], [50.0, 50.0], [50.1, 50.0], [50.0, 50.0]]}, "0.7": {"adv_acc": [79.0, 81.0, 85.0, 82.0, 68.0], "victim_acc": [[60.650000000000006, 50.0], [69.0, 99.85], [50.05, 95.5], [68.05, 58.699999999999996], [50.0, 50.0]]}, "0.8": {"adv_acc": [88.0, 90.0, 95.0, 93.0, 93.0], "victim_acc": [[99.8, 50.0], [58.5, 50.0], [100.0, 50.0], [100.0, 92.45], [99.9, 50.0]]}, "0.9": {"adv_acc": [98.0, 96.0, 99.0, 97.0, 100.0], "victim_acc": [[100.0, 50.0], [100.0, 50.0], [100.0, 50.0], [100.0, 50.0], [100.0, 65.4]]}, "1.0": {"adv_acc": [100.0, 100.0, 100.0, 100.0, 100.0], "victim_acc": [[100.0, 100.0], [100.0, 100.0], [100.0, 100.0], [100.0, 59.85], [100.0, 100.0]]}}, "threshold_perpoint": {"0.0": {"adv_acc": [100.0, 100.0, 100.0, 100.0, 100.0], "victim_acc": [100.0, 100.0, 100.0, 100.0, 100.0]}, "0.1": {"adv_acc": [100.0, 100.0, 100.0, 100.0, 100.0], "victim_acc": [100.0, 100.0, 100.0, 100.0, 100.0]}, "0.2": {"adv_acc": [100.0, 100.0, 100.0, 100.0, 100.0], "victim_acc": [100.0, 100.0, 100.0, 100.0, 100.0]}, "0.3": {"adv_acc": [100.0, 100.0, 98.0, 100.0, 100.0], "victim_acc": [100.0, 100.0, 100.0, 100.0, 100.0]}, "0.4": {"adv_acc": [99.0, 100.0, 99.0, 99.0, 99.0], "victim_acc": [97.35000000000001, 89.95, 79.45, 94.0, 99.15]}, "0.6": {"adv_acc": [99.0, 97.0, 99.0, 99.0, 99.0], "victim_acc": [100.0, 99.85, 71.45, 94.95, 87.7]}, "0.7": {"adv_acc": [100.0, 100.0, 100.0, 100.0, 100.0], "victim_acc": [100.0, 100.0, 100.0, 100.0, 100.0]}, "0.8": {"adv_acc": [100.0, 100.0, 100.0, 100.0, 100.0], "victim_acc": [100.0, 100.0, 100.0, 100.0, 100.0]}, "0.9": {"adv_acc": [100.0, 100.0, 100.0, 100.0, 100.0], "victim_acc": [100.0, 100.0, 100.0, 100.0, 100.0]}, "1.0": {"adv_acc": [100.0, 100.0, 100.0, 100.0, 100.0], "victim_acc": [100.0, 100.0, 100.0, 100.0, 100.0]}}}, "save time": "2022-05-18 04:59:37.329775"}