{"name": "nc_noise0.1", "start time": "2022-05-31 21:10:54.996704", "attack_config": {"train_config": {"data_config": {"name": "new_census", "prop": "sex", "value": 0.2, "split": "victim", "drop_senstive_cols": false, "scale": 1.0, "augment": false, "classify": null, "cwise_samples": null, "squeeze": true}, "epochs": 20, "learning_rate": 0.001, "batch_size": 200, "misc_config": null, "lr_scheduler": null, "verbose": false, "num_models": 1000, "offset": 0, "weight_decay": 0.0001, "get_best": true, "cpu": false, "expect_extra": true, "save_every_epoch": false, "extra_info": null, "regression": false, "multi_class": false, "label_noise": 0.1}, "values": [0.0, 0.1, 0.2, 0.3, 0.4, 0.6, 0.7, 0.8, 0.9, 1.0], "black_box": {"attack_type": ["loss_and_threshold", "threshold_perpoint"], "ratios": [0.05, 0.1, 0.2, 0.3, 0.4, 0.5, 1.0], "batch_size": 30000, "num_adv_models": 50, "granularity": 0.05, "preload": true, "multi": null, "multi2": null, "multi_class": false, "save": false, "tune_final_threshold": false, "Start_epoch": 1, "End_epoch": 20}, "white_box": null, "tries": 5, "num_victim_models": 1000, "on_cpu": false, "adv_misc_config": null, "num_total_adv_models": 1000}, "result": {"loss_and_threshold": {"0.0": {"adv_acc": [100.0, 100.0, 100.0, 100.0, 100.0], "victim_acc": [[98.1, 69.75], [95.65, 100.0], [98.15, 53.849999999999994], [95.1, 85.39999999999999], [99.1, 57.65]]}, "0.1": {"adv_acc": [69.0, 76.0, 71.0, 67.0, 69.0], "victim_acc": [[60.45, 50.14999999999999], [56.75, 59.699999999999996], [59.550000000000004, 50.5], [55.75, 50.3], [56.699999999999996, 50.0]]}, "0.2": {"adv_acc": [62.0, 61.0, 61.0, 61.0, 60.0], "victim_acc": [[50.0, 50.0], [50.0, 50.0], [50.0, 50.0], [50.0, 50.0], [50.0, 50.0]]}, "0.3": {"adv_acc": [65.0, 65.0, 68.0, 63.0, 62.0], "victim_acc": [[53.65, 56.25], [57.8, 55.65], [52.949999999999996, 55.25], [52.7, 50.55], [51.1, 51.4]]}, "0.4": {"adv_acc": [83.0, 77.0, 81.0, 85.0, 80.0], "victim_acc": [[69.39999999999999, 53.1], [71.25, 54.900000000000006], [64.14999999999999, 53.75], [60.5, 61.0], [69.15, 50.1]]}, "0.6": {"adv_acc": [97.0, 96.0, 98.0, 96.0, 95.0], "victim_acc": [[91.4, 51.15], [90.25, 50.1], [84.0, 65.25], [91.3, 50.0], [78.3, 84.15]]}, "0.7": {"adv_acc": [100.0, 99.0, 100.0, 100.0, 100.0], "victim_acc": [[94.95, 53.449999999999996], [93.30000000000001, 75.15], [93.75, 56.15], [81.0, 51.800000000000004], [79.5, 81.95]]}, "0.8": {"adv_acc": [100.0, 100.0, 100.0, 100.0, 100.0], "victim_acc": [[98.8, 50.8], [96.1, 50.0], [86.8, 64.55], [95.45, 52.25], [93.2, 57.45]]}, "0.9": {"adv_acc": [100.0, 100.0, 100.0, 100.0, 100.0], "victim_acc": [[96.35000000000001, 81.25], [93.7, 99.4], [92.15, 99.9], [94.6, 92.95], [95.7, 97.39999999999999]]}, "1.0": {"adv_acc": [100.0, 100.0, 100.0, 100.0, 100.0], "victim_acc": [[95.5, 89.5], [89.55, 89.35], [93.95, 90.60000000000001], [98.1, 86.55], [94.15, 85.0]]}}, "threshold_perpoint": {"0.0": {"adv_acc": [100.0, 100.0, 100.0, 100.0, 100.0], "victim_acc": [100.0, 93.89999999999999, 83.7, 87.5, 91.25]}, "0.1": {"adv_acc": [98.0, 97.0, 100.0, 100.0, 93.0], "victim_acc": [73.9, 75.5, 74.55000000000001, 71.1, 73.0]}, "0.2": {"adv_acc": [98.0, 95.0, 98.0, 96.0, 98.0], "victim_acc": [50.0, 50.0, 50.0, 50.0, 50.0]}, "0.3": {"adv_acc": [98.0, 98.0, 98.0, 98.0, 100.0], "victim_acc": [76.4, 76.7, 73.8, 76.5, 69.6]}, "0.4": {"adv_acc": [100.0, 100.0, 100.0, 100.0, 100.0], "victim_acc": [90.7, 93.55, 93.8, 84.2, 91.4]}, "0.6": {"adv_acc": [100.0, 100.0, 100.0, 100.0, 100.0], "victim_acc": [98.6, 99.95, 98.75, 99.9, 99.6]}, "0.7": {"adv_acc": [100.0, 100.0, 100.0, 100.0, 100.0], "victim_acc": [99.9, 99.95, 100.0, 99.95, 99.8]}, "0.8": {"adv_acc": [100.0, 100.0, 100.0, 100.0, 100.0], "victim_acc": [100.0, 100.0, 100.0, 100.0, 100.0]}, "0.9": {"adv_acc": [100.0, 100.0, 100.0, 100.0, 100.0], "victim_acc": [100.0, 100.0, 100.0, 100.0, 100.0]}, "1.0": {"adv_acc": [100.0, 100.0, 100.0, 100.0, 100.0], "victim_acc": [100.0, 100.0, 100.0, 100.0, 100.0]}}}, "save time": "2022-06-01 04:57:19.094930"}