{"name": "nc_noise", "start time": "2022-05-28 22:45:05.869363", "attack_config": {"train_config": {"data_config": {"name": "new_census", "prop": "sex", "value": 0.2, "split": "victim", "drop_senstive_cols": false, "scale": 1.0, "augment": false, "classify": null, "cwise_samples": null, "squeeze": true}, "epochs": 20, "learning_rate": 0.001, "batch_size": 200, "misc_config": null, "lr_scheduler": null, "verbose": false, "num_models": 1000, "offset": 0, "weight_decay": 0.0001, "get_best": true, "cpu": false, "expect_extra": true, "save_every_epoch": false, "extra_info": null, "regression": false, "multi_class": false, "label_noise": 0.05}, "values": [0.0, 0.1, 0.2, 0.3, 0.4, 0.6, 0.7, 0.8, 0.9, 1.0], "black_box": {"attack_type": ["loss_and_threshold", "threshold_perpoint"], "ratios": [0.05, 0.1, 0.2, 0.3, 0.4, 0.5, 1.0], "batch_size": 30000, "num_adv_models": 50, "granularity": 0.05, "preload": true, "multi": null, "multi2": null, "multi_class": false, "save": false, "tune_final_threshold": false, "Start_epoch": 1, "End_epoch": 20}, "white_box": null, "tries": 5, "num_victim_models": 1000, "on_cpu": false, "adv_misc_config": null, "num_total_adv_models": 1000}, "result": {"loss_and_threshold": {"0.0": {"adv_acc": [100.0, 100.0, 100.0, 100.0, 100.0], "victim_acc": [[98.05, 77.5], [99.85000000000001, 50.0], [96.25, 50.0], [96.0, 54.0], [98.55000000000001, 50.0]]}, "0.1": {"adv_acc": [67.0, 64.0, 66.0, 74.0, 71.0], "victim_acc": [[57.9, 51.1], [55.05, 48.8], [56.99999999999999, 51.1], [60.199999999999996, 50.64999999999999], [56.65, 59.8]]}, "0.2": {"adv_acc": [66.0, 71.0, 63.0, 60.0, 57.99999999999999], "victim_acc": [[50.0, 50.0], [50.0, 50.0], [50.0, 50.0], [50.0, 50.0], [50.0, 50.0]]}, "0.3": {"adv_acc": [74.0, 67.0, 67.0, 67.0, 63.0], "victim_acc": [[55.900000000000006, 50.14999999999999], [58.599999999999994, 51.24999999999999], [52.0, 51.849999999999994], [52.800000000000004, 50.0], [52.15, 50.05]]}, "0.4": {"adv_acc": [74.0, 75.0, 78.0, 78.0, 76.0], "victim_acc": [[61.35, 50.24999999999999], [65.25, 64.19999999999999], [64.45, 50.449999999999996], [64.1, 50.05], [56.35, 50.55]]}, "0.6": {"adv_acc": [99.0, 98.0, 98.0, 96.0, 96.0], "victim_acc": [[84.65, 68.15], [85.39999999999999, 90.19999999999999], [76.8, 69.6], [72.25, 51.2], [89.14999999999999, 57.95]]}, "0.7": {"adv_acc": [97.0, 99.0, 100.0, 100.0, 100.0], "victim_acc": [[88.0, 50.0], [92.60000000000001, 60.150000000000006], [93.05, 53.05], [98.45, 50.05], [91.3, 52.05]]}, "0.8": {"adv_acc": [100.0, 100.0, 100.0, 100.0, 100.0], "victim_acc": [[99.55000000000001, 66.55], [96.6, 61.650000000000006], [98.05, 52.5], [98.4, 53.949999999999996], [90.14999999999999, 79.1]]}, "0.9": {"adv_acc": [100.0, 100.0, 100.0, 100.0, 100.0], "victim_acc": [[93.95, 100.0], [97.39999999999999, 57.4], [91.9, 100.0], [95.39999999999999, 98.5], [92.35, 96.45]]}, "1.0": {"adv_acc": [100.0, 100.0, 100.0, 100.0, 100.0], "victim_acc": [[96.25, 97.44999999999999], [91.60000000000001, 96.45], [84.5, 95.39999999999999], [90.05, 96.25], [92.35, 96.65]]}}, "threshold_perpoint": {"0.0": {"adv_acc": [100.0, 100.0, 100.0, 100.0, 100.0], "victim_acc": [100.0, 100.0, 87.25, 100.0, 100.0]}, "0.1": {"adv_acc": [100.0, 100.0, 97.0, 86.0, 100.0], "victim_acc": [74.05000000000001, 69.19999999999999, 69.15, 70.85000000000001, 75.8]}, "0.2": {"adv_acc": [98.0, 96.0, 95.0, 99.0, 98.0], "victim_acc": [50.0, 50.0, 50.0, 50.0, 50.0]}, "0.3": {"adv_acc": [94.0, 98.0, 96.0, 98.0, 100.0], "victim_acc": [71.85000000000001, 71.25, 72.75, 74.8, 72.5]}, "0.4": {"adv_acc": [100.0, 99.0, 99.0, 98.0, 100.0], "victim_acc": [93.4, 85.8, 94.89999999999999, 90.0, 90.7]}, "0.6": {"adv_acc": [100.0, 100.0, 100.0, 100.0, 100.0], "victim_acc": [99.9, 99.95, 99.8, 99.5, 99.9]}, "0.7": {"adv_acc": [100.0, 100.0, 100.0, 100.0, 100.0], "victim_acc": [99.95, 99.7, 99.9, 99.95, 99.95]}, "0.8": {"adv_acc": [100.0, 100.0, 100.0, 100.0, 100.0], "victim_acc": [100.0, 100.0, 100.0, 100.0, 100.0]}, "0.9": {"adv_acc": [100.0, 100.0, 100.0, 100.0, 100.0], "victim_acc": [99.95, 100.0, 100.0, 100.0, 100.0]}, "1.0": {"adv_acc": [100.0, 100.0, 100.0, 100.0, 100.0], "victim_acc": [100.0, 100.0, 100.0, 100.0, 100.0]}}}, "save time": "2022-05-29 05:06:57.181760"}