{"name": "sex_r_bb_oversample", "start time": "2022-06-17 14:34:43.545561", "attack_config": {"train_config": {"data_config": {"name": "new_census", "prop": "sex", "value": 0.5, "split": "victim", "drop_senstive_cols": false, "scale": 1.0, "augment": false, "classify": null, "cwise_samples": null, "squeeze": true, "processed_variant": true}, "epochs": 20, "learning_rate": 0.001, "batch_size": 200, "misc_config": {"adv_config": null, "dp_config": null, "shuffle_defense_config": {"desired_value": 0.5, "sample_ratio": 2.0}}, "lr_scheduler": null, "verbose": false, "num_models": 500, "offset": 0, "weight_decay": 0.0001, "get_best": true, "cpu": false, "expect_extra": true, "save_every_epoch": false, "extra_info": null, "regression": false, "multi_class": false, "label_noise": 0, "full_model": false}, "values": [0.1, 0.2, 0.3, 0.4, 0.6, 0.7, 0.8, 0.9], "black_box": {"attack_type": ["loss_and_threshold", "threshold_perpoint"], "ratios": [0.05, 0.1, 0.2, 0.3, 0.4, 0.5, 1.0], "batch_size": 30000, "num_adv_models": 50, "granularity": 0.05, "preload": true, "multi": null, "multi2": null, "multi_class": false, "save": false, "tune_final_threshold": false, "Start_epoch": 1, "End_epoch": 20, "relative_threshold": false, "loss_variant": false, "random_order": false}, "white_box": null, "tries": 5, "num_victim_models": 500, "on_cpu": false, "adv_misc_config": null, "num_total_adv_models": 1000, "victim_local_attack": false, "victim_full_model": false, "adv_full_model": false}, "result": {"loss_and_threshold": {"0.1": {"adv_acc": [95.0, 100.0, 97.0, 98.0, 98.0], "victim_acc": [[98.8, 50.8], [98.6, 62.9], [92.7, 63.800000000000004], [64.2, 52.5], [70.39999999999999, 56.49999999999999]]}, "0.2": {"adv_acc": [92.0, 92.0, 92.0, 88.0, 94.0], "victim_acc": [[94.0, 50.9], [90.4, 50.0], [85.7, 81.4], [81.5, 52.0], [75.5, 55.00000000000001]]}, "0.3": {"adv_acc": [64.0, 90.0, 84.0, 76.0, 72.0], "victim_acc": [[58.8, 50.0], [65.9, 50.1], [64.2, 50.0], [65.10000000000001, 58.3], [58.5, 58.20000000000001]]}, "0.4": {"adv_acc": [66.0, 62.0, 67.0, 68.0, 70.0], "victim_acc": [[57.49999999999999, 52.400000000000006], [54.2, 53.5], [50.8, 50.0], [58.5, 50.0], [58.099999999999994, 53.800000000000004]]}, "0.6": {"adv_acc": [66.0, 65.0, 63.0, 66.0, 74.0], "victim_acc": [[55.50000000000001, 49.8], [52.900000000000006, 52.1], [53.5, 50.0], [54.300000000000004, 53.0], [52.400000000000006, 50.0]]}, "0.7": {"adv_acc": [77.0, 71.0, 81.0, 82.0, 78.0], "victim_acc": [[58.4, 61.1], [57.699999999999996, 59.80000000000001], [58.099999999999994, 52.900000000000006], [63.4, 57.4], [67.30000000000001, 50.0]]}, "0.8": {"adv_acc": [84.0, 87.0, 92.0, 85.0, 92.0], "victim_acc": [[63.9, 88.2], [73.0, 50.0], [72.1, 50.0], [76.4, 50.0], [72.39999999999999, 59.3]]}, "0.9": {"adv_acc": [95.0, 100.0, 95.0, 98.0, 97.0], "victim_acc": [[80.5, 50.0], [88.0, 50.0], [82.3, 50.2], [82.69999999999999, 80.0], [84.5, 50.0]]}}, "threshold_perpoint": {"0.1": {"adv_acc": [100.0, 100.0, 100.0, 100.0, 100.0], "victim_acc": [57.9, 57.199999999999996, 63.0, 68.60000000000001, 59.9]}, "0.2": {"adv_acc": [100.0, 100.0, 100.0, 100.0, 100.0], "victim_acc": [80.0, 74.6, 74.5, 80.7, 81.3]}, "0.3": {"adv_acc": [100.0, 99.0, 100.0, 100.0, 99.0], "victim_acc": [83.6, 86.0, 78.8, 80.30000000000001, 84.7]}, "0.4": {"adv_acc": [97.0, 98.0, 99.0, 97.0, 99.0], "victim_acc": [65.3, 72.8, 73.2, 70.39999999999999, 68.5]}, "0.6": {"adv_acc": [100.0, 100.0, 94.0, 100.0, 100.0], "victim_acc": [72.39999999999999, 69.0, 67.30000000000001, 71.0, 69.69999999999999]}, "0.7": {"adv_acc": [100.0, 100.0, 100.0, 100.0, 100.0], "victim_acc": [80.10000000000001, 88.3, 85.3, 90.5, 87.7]}, "0.8": {"adv_acc": [100.0, 100.0, 100.0, 100.0, 100.0], "victim_acc": [95.7, 92.80000000000001, 93.5, 83.8, 85.3]}, "0.9": {"adv_acc": [100.0, 100.0, 100.0, 100.0, 100.0], "victim_acc": [96.8, 93.0, 95.19999999999999, 95.1, 92.9]}}}, "save time": "2022-06-17 18:44:13.480780"}